Sample_ID,SiO2,MgO,FeO,Cr_ppm
SR-000,43.75646862482233,15.0,10.065758620485498,1215.4017992659165
SR-001,45.01011623505535,14.450399725566333,8.986470219239592,922.1358775480761
SR-002,45.410232276868804,15.0,10.435774247644378,873.2939752000768
SR-003,46.09250895135873,14.91758669806119,9.594665939872439,894.7704018258187
SR-004,45.87939788250906,15.0,10.085143122276484,949.3828746298232
SR-005,45.15249031193071,15.0,10.018947899125259,980.2117688432511
SR-006,46.89415075266326,,10.579782416952813,692.1090320607627
SR-007,47.34169023414427,15.0,9.703147483586818,609.2258378270844
SR-008,45.08046892081432,14.716957770446577,9.984396312875594,937.3107614107428
SR-009,47.664816174859865,12.477135984535323,10.52282607775333,655.6223293771767
SR-010,49.396863423595335,14.109309284789642,9.231202535765373,508.7220126658855
SR-011,48.62655349288025,14.046080215090292,10.044506076415864,439.50315908385545
SR-012,49.28085786584471,13.39563666654716,9.472606351976296,420.64331353960773
SR-013,47.96129136224442,14.28623669665002,9.202599882773093,530.5835600784189
SR-014,45.94649105415896,14.250659358042242,9.90593138794454,806.5277348525212
SR-015,46.40084530878063,14.460354459342007,10.20576802592593,814.9513909008868
SR-016,48.86125244577594,,10.290729675410661,396.37415678637353
SR-017,50.30834624225093,12.285173246028712,10.206512368447747,369.2014564645323
SR-018,54.19598490181362,12.510778822379555,8.933019472705872,195.35691620378603
SR-019,50.789147244581905,11.272082474749437,8.927460659525703,307.059798969178
SR-020,46.68597412258889,15.0,9.672033137952372,758.4231578544812
SR-021,47.693642774743125,14.799905099309226,9.13987034586061,590.8722480096376
SR-022,53.98656483325428,9.627398531995938,8.992650416966319,226.60014518070386
SR-023,49.20209461926792,130.94995822801903,9.40895789626333,355.41944222338316
SR-024,49.92724403462325,12.860556470247143,,355.83289938020033
SR-025,,14.14679734647755,8.585760089426671,532.9866450278346
SR-026,53.36510614000755,10.66457927325726,8.796685412955926,54.06881738723786
SR-027,51.43690802537951,12.457262133216412,8.993550045241092,221.69485848329631
SR-028,49.088381196846825,,10.18472550651933,400.77633958431124
SR-029,48.8512755967821,12.72187139871372,9.057950251621282,510.3052595229204
SR-030,51.654676348171584,11.461377229260135,9.447861045007338,228.8878520695829
SR-031,51.33002308801594,13.38679541149598,9.302933483988516,241.05194658825383
SR-032,53.10717345457648,10.060548078126814,9.710803917960542,238.4892682245416
SR-033,52.73823224826783,12.38258603678892,9.52409270742849,131.85256613292051
SR-034,51.316676886355374,13.270839552335975,9.428954177274651,
SR-035,50.959376674849075,12.397690991721953,9.126728895221058,285.57166690895076
SR-036,51.92843785105334,12.28099769930366,8.380984963339728,177.76640535709942
SR-037,51.348302736216674,13.62417390521071,9.488712554222037,210.44300229525723
SR-038,52.39061564579987,11.338902230955997,9.52618333468495,256.73702570187334
SR-039,52.88523085052735,11.244255230899935,8.42404310870994,250.38310496632343
SR-040,51.25782948840767,12.001384523537622,8.757369968994958,325.4997215323439
SR-041,54.51639328124274,12.358768286726185,9.174525658561564,204.5178711725714
SR-042,52.71552040998684,13.206085582889973,9.398018802105252,
SR-043,51.97394942023468,10.814529997442508,8.807281402930503,141.45560507165723
SR-044,53.15584554612083,,8.897383088603897,218.22124289869348
SR-045,54.54491899780433,12.000940707225551,8.127263680934355,121.75053245536837
SR-046,544.2782136606955,12.782466264022005,9.74584981529966,114.3721982255432
SR-047,55.30732347813107,11.262178640873952,,155.2881568819045
SR-048,56.46112178035241,10.37129116758046,9.125017517589034,14.526685525359852
SR-049,57.475652220096606,11.154955798533017,8.73495442991365,10.0
SR-050,,11.443669223767431,9.580988167878797,150.79942420146108
SR-051,53.12965160136793,13.993037773601554,8.79090779347583,221.11787034288668
SR-052,54.93157705265752,11.986077023898817,9.037468649904442,144.036653806971
SR-053,53.6625041708313,11.688546308091396,,132.845934745826
SR-054,59.26619136890107,8.119419072063401,7.604117444640016,94.84878981904484
SR-055,60.04862726841003,8.39963191544187,8.793304065091734,83.32035807026432
SR-056,57.575790180227585,8.533728949880949,7.849908062442391,85.11535971394049
SR-057,58.193427752392154,9.507566862982275,8.566548457543519,12.589079954744044
SR-058,57.1797387354666,11.054172099046205,9.2876738504398,66.25234858023413
SR-059,57.611306461794065,9.951806326801858,,122.1695534896592
SR-060,53.88562847609343,12.4674738783227,8.77914440841636,235.48312312241427
SR-061,57.13401446411705,10.483967947792193,,
SR-062,55.720915351817546,10.308541569518972,9.18265589564601,1046.80064077384
SR-063,58.247276833466,9.788714421783562,9.34640070808349,62.60524714335112
SR-064,57.76668634949139,10.365422151258542,8.392212325718049,91.56617118207363
SR-065,61.98089224683988,8.346866499727662,7.900254346112454,10.0
SR-066,60.121845981472525,9.101945836262903,8.225364420418249,10.0
SR-067,59.058956850949336,8.607367152033559,8.879908670308625,119.73568958754547
SR-068,58.157395793505984,9.30406541735539,9.298519223856857,161.70637292405192
SR-069,62.24466036718429,10.360596649280929,7.65573055759131,10.0
SR-070,59.03405043929056,10.614846314707318,7.847454051408619,10.0
SR-071,59.95864993669338,,9.674133167296887,43.345489183411736
SR-072,59.58114350415568,6.800573640831363,8.453224255639412,44.76227720786912
SR-073,58.88967876576657,,8.737478521268498,111.942631296337
SR-074,59.97234130383144,9.904536372893414,8.156800449308035,52.795212681680106
SR-075,56.176737439582965,10.009363186744606,9.127307410768061,67.32381632104762
SR-076,57.20660062033642,11.13901848006337,9.25937037531712,21.12539171173809
SR-077,61.20261678803724,8.578607849792188,8.52963640698274,82.42511298015563
SR-078,63.84109736763215,7.300499773220164,8.986319301744002,53.06870671677271
SR-079,61.60248247674471,,8.176379457354983,89.16288040105749
SR-080,59.66664484054226,8.601466270880826,8.401894279428086,10.0
SR-081,58.42301732408009,9.34408674856431,8.773401443230698,160.1700964407118
SR-082,63.07912163504523,8.43851860811237,8.424568659248525,
SR-083,,8.737796425356796,8.55627172163701,79.84064096047298
SR-084,63.19922251495747,9.629087267394748,7.537870235026707,10.0
SR-085,628.9382427586297,8.536295702510827,8.366875155511483,10.0
SR-086,63.27203702612012,8.319999017884715,7.98570950498627,103.92797393564067
SR-087,62.58398193819704,7.916902578656115,7.951113299142972,71.26262506184975
SR-088,63.48540957530841,,8.167700069845782,10.0
SR-089,,7.605170513304094,7.751183227861828,10.0
SR-090,61.85019230039111,8.542300831043072,7.747285108024275,39.41942028253645
SR-091,61.3951495299746,,7.052750567000615,63.37182700293407
SR-092,58.75347233694395,10.538052457453011,9.49827143056055,126.4624499381541
SR-093,63.362613089956085,7.945559461279357,8.441604350555894,10.0
SR-094,66.9649308625482,,7.745124853092027,10.0
SR-095,65.58767696359868,9.157227598230284,7.607620685196807,24.133031520440966
SR-096,64.7842772973546,7.849608532491305,6.58355612924133,10.0
SR-097,63.06219135370358,7.84354876972647,7.829516426518899,10.0
SR-098,66.72622207567923,5.363446657602738,8.185310961014114,27.851783967876443
SR-099,64.69426728243423,8.027042890285134,8.501660423553512,10.0
SR-100,68.28409681549758,5.896645837696197,7.992736315251893,24.822230039140997
SR-101,63.37339594320929,8.188676461870745,8.241856383555305,10.0
SR-102,64.03697369573253,9.114997909163232,8.748239703392436,46.54148248634079
SR-103,64.04371514511779,6.558090653289538,7.9313598744439515,10.0
SR-104,62.97536057456822,6.8855516016913745,8.745058400610358,10.0
SR-105,64.26685022693191,7.056833970856556,7.881023755446703,10.0
SR-106,66.54871439872646,7.2017153902612385,7.404557905688472,100.52792482401391
SR-107,65.11922211137257,7.507178395665461,7.485221298651482,57.12534708743674
SR-108,59.03221578447182,8.491425174515498,8.06453021096634,
SR-109,69.09485531967246,6.118610772833497,7.920048482433996,78.92894328613377
SR-110,63.7794635480166,6.287001761900097,7.750680859649801,203.5211769142655
SR-111,68.52744985836388,4.75127838230559,7.13074059164614,11.124934480355854
SR-112,67.61276474980893,5.839436782887237,8.095591134849787,81.88130614720811
SR-113,,3.6519993599489085,,55.160624213484304
SR-114,69.94693509727342,5.911085449741563,7.9866024816955585,56.611462676397515
SR-115,67.14515322513742,6.4283171929461265,8.041784433122658,100.63802554413671
SR-116,66.95157757327594,7.984930148316884,,10.0
SR-117,71.56250234146434,4.1278136980598505,7.38180097408786,10.0
SR-118,65.80664706754214,6.5551390219423995,7.981901788630624,31.57509848156667
SR-119,69.34149141546158,6.4737860428771326,7.1062715292168415,10.0
SR-120,68.898832899004,5.349546037274601,7.057804223052603,24.323001641897342
SR-121,68.67596396997321,,7.292042798443827,86.9181950442277
SR-122,70.2707863581586,5.43251366712105,0.8491212542520181,10.0
SR-123,701.4422039215829,2.589525373251325,7.279205913673397,10.0
SR-124,70.88124443860362,5.825072638708017,8.028308951832996,14.364707519655491
SR-125,70.4457365396259,5.734432197269449,7.22109609129751,10.0
SR-126,71.20449032681302,5.469536475385337,7.823970377088694,10.0
SR-127,70.7572001845209,2.7861415476463813,7.875525809326834,10.0
SR-128,69.45295830610428,4.55582671628724,8.030999423365595,418.8563576909062
SR-129,70.9811568828893,4.018832413287511,7.595797982715549,77.41473104510186
SR-130,69.74572352488727,4.2605892224847,8.21411093690185,10.0
SR-131,69.8150857167128,68.15888245208816,7.707668413005083,10.0
SR-132,70.90488120261818,4.62627968112909,8.266276744408321,10.0
SR-133,71.5396771684612,4.347568189986349,6.536072381559663,10.0
SR-134,72.05031638450771,4.731881756512694,7.469111485382638,10.0
SR-135,74.01396570841794,3.9637153845222044,7.240265225426039,10.0
SR-136,71.38562217048879,1.1108584211786554,6.893177860048375,73.56016047971272
SR-137,72.9775964703993,3.162603874690914,7.492032463841939,10.0
SR-138,73.02129032721649,2.378695291322126,6.452829629490042,86.32386076340622
SR-139,71.76932060627591,4.692577850644454,6.995975776492245,60.40590664386339
SR-140,73.33540103550033,3.376947171465822,6.166915990001064,10.0
SR-141,75.39470457532106,2.8575057343728445,7.739842800949301,10.0
SR-142,73.96361646061244,1.3360336668645,6.987863606966108,10.0
SR-143,74.24511416677944,2.992102108597724,8.158930600730212,10.0
SR-144,72.58263192871868,5.08207748034534,7.643211770387879,21.327134105510094
SR-145,78.13234857489297,3.156510053144978,6.910814249186215,10.0
SR-146,73.09926041371742,4.479159254053732,6.896960111487758,40.944920971699254
SR-147,71.26174851514666,3.159835300493215,6.850650130641624,18.501605514006283
SR-148,76.51902595855697,3.651791419569336,7.109583191092776,10.0
SR-149,74.77036592070314,3.8158558867187575,6.987206403293194,10.0
